num,content,wdate,writer
1,EgfYmrEblTweJcKl9VsK,2020-03-12 07:27:18,Benjamin
2,7ndqTsOvFdEEZDMEMPux,2020-01-03 16:17:49,Jane
3,OomAMdCKDubOZ9dJQska,2016-08-25 01:04:35,John
4,keEQkZ5VgNbeKmH29Utl,2019-08-25 16:13:26,Emily
5,y61DiLLU9nRsVQlx0g8o,2018-04-17 00:23:59,Olivia
6,co82IWfYpKk6HyIMV8vo,2016-09-17 14:32:46,William
7,jKdUMLlCwGpKxMCF6oMZ,2023-02-23 17:46:52,Emily
8,M2fogC96n43rUz8zH9hv,2021-09-18 08:05:43,Emma
9,qu3xTnoZuh4kX699LSux,2016-04-03 01:59:25,Michael
10,6WJvhNwMIBNhIvKp5B8A,2016-12-31 10:23:50,William
11,5qsJuaVUm3gyEWtmyPCY,2020-02-19 17:38:26,Emily
12,JJsKkSXOxCt5QDi3ElJQ,2019-03-09 00:13:04,Michael
13,pljvJGmdLjVvuTj7G2G1,2022-01-01 07:44:36,Jane
14,fZSwM7hoJbKuwUDxyOrN,2017-06-12 10:18:57,Michael
15,NTZQHS4S75lMSHxQyAgi,2017-12-20 05:58:19,William
16,S7CMLYwOFpW0W3nuVdsO,2018-05-20 04:44:48,Emma
17,uH3iIbyIBU3KVm1TsSd5,2019-10-28 08:32:19,John
18,KhIBMcgHvbPSy5Pxfwey,2019-01-07 00:32:10,William
19,04ctbxn22lKbehqDnq0S,2019-08-29 11:13:02,William
20,9q2riyNMxci0qC1nPcVW,2020-12-28 21:26:06,Benjamin
21,pdVxBoX9IOM344Fhhi6u,2017-03-01 04:04:06,James
22,zDQD0QDhZ9emxEUMnPj6,2018-08-20 18:26:00,James
23,sHpxKopSe25cvXAkds6r,2021-04-14 07:28:55,Olivia
24,c3PNZ2bwK3e9XbWZ8wKt,2018-03-30 10:34:20,Emily
25,1dWddzfXy1nzq4UsHB8R,2021-03-01 19:15:51,Emily
26,T03mqGvjv2hXba5nR9HU,2021-03-20 16:12:26,James
27,t61BndKKqeSAyVBemjwl,2017-03-13 09:30:56,Benjamin
28,uvKyLkC297v7f1549BvM,2021-03-24 13:28:09,Benjamin
29,VDHqgGq6OIgpVqBG1cSW,2021-12-31 16:53:09,Olivia
30,htyhVZNsu7u1lECeqk7n,2018-05-21 22:11:37,Jane
31,GGbQc3kBNN2pDk3XrZQc,2021-02-12 00:02:34,Emily
32,UgwIUcDHxd9s5YwmOl8X,2017-06-04 06:46:16,William
33,XmGeJ4NK2ShWLk0p0feV,2020-01-12 11:09:02,Emma
34,BtREWecZv1Jf5CrkMBGM,2017-05-19 00:06:32,Michael
35,s0WSNwtn8JTMXusjeTs1,2016-10-18 07:07:11,John
36,F7hsBj62KVCQ7FAEYx27,2021-02-28 17:50:39,Olivia
37,jQ0E2NPjGv1fB7sbNeZY,2018-04-26 16:11:07,Olivia
38,7kyPG9egb2aM8z5PHrgf,2023-04-21 15:21:47,Emily
39,0DRFPo8l6yr2WqtQg0up,2021-05-21 11:43:13,Emily
40,BCDbuTQwsUDdri03F653,2020-09-26 00:31:33,James
